76375;William;Ward;30/12/2005;16/1/2020;
38667;Kristy;Rodriguez;23/6/1996;11/9/2020;reidroger
76023;Brett;Gonzalez;26/5/2000;20/9/2020;daniel23
38865;Jeremy;Harper;9/11/2000;19/11/2020;
77344;Bradley;Foster;8/1/1967;7/12/2020;palexander
81329;Stephanie;Delgado;13/12/2001;12/12/2020;hornechristopher
30583;Kim;Snyder;7/1/1972;17/3/2021;
25973;Michael;Bishop;5/9/2002;29/3/2021;psmith
39941;Julie;Marquez;20/7/1989;23/10/2021;
43098;Cynthia;Perez;25/2/1984;11/10/2022;dmoore
17195;Juan;Phillips;19/7/2001;2/3/2023;
1528;Drew;Escobar;20/1/1996;8/6/2023;james41
42376;Sean;Holt;21/2/2006;15/6/2023;
66417;Stephanie;Manning;1/5/1991;19/9/2023;thompsontheresa
41643;Jeremy;Baker;25/8/1981;11/11/2023;
20827;Adam;Kelly;28/8/1985;25/5/2024;dustin89
38373;Mariah;Murphy;4/10/1974;26/7/2024;dennisthomas
89735;Kristi;Little;22/10/1990;2/12/2024;
89921;Christopher;Howard;14/11/2000;;johnsonandrea
73412;Tracy;Oneill;14/8/1997;;allison63
49487;Dawn;Miller;3/11/1983;;stephensrobin
22243;Pamela;Rodriguez;9/2/1980;;patrickchandler
19814;Lauren;Anderson;4/10/2006;;millerjennifer
91740;Mary;Henderson;11/8/1969;;emann
44339;Stacy;Roberts;3/11/1991;;billwalton
28275;Marissa;Herman;26/4/1992;;virginia85
38648;Marc;Moran;26/6/1997;;robert33
80385;Richard;Barrett;29/10/2003;;yshepherd
43045;Tyler;Cox;28/6/1990;;bakerjacob
93564;Carrie;Tapia;19/10/1981;;rebecca87
